A1: Ladder,B1: plate2_A1,C1: plate2_H12,D1: plate3_A1,E1: plate3_H12,F1: plate4_A1,G1: plate4_H12
0,0,0,0,175.7507,0.5611771,0.1167268
0,0,0,0.9741623,178.5412,1.011321,0.03102474
0.2340283,0,0,3.497543,184.9381,3.708731,0
0.4834649,0,0,5.365617,187.2866,6.004138,0
1.188243,0,0,7.294292,187.0928,7.18411,0.09238207
3.110822,0,0,9.795667,182.5302,8.718069,0.3634117
3.051943,0,0,11.01627,188.0148,11.54368,0.7621598
3.645074,0,0,10.88325,195.0305,13.71101,1.410713
3.41957,0,0,9.057984,193.4051,11.43538,1.947794
2.977083,0,0,8.550611,189.131,8.622113,2.242088
2.226075,0,0,8.445503,183.9094,6.962175,2.379659
1.225474,0,0,9.067989,190.9783,6.166814,2.517823
1.322807,0,0,10.09413,193.9818,5.397061,2.662838
1.72771,0,1.219434,10.65427,192.7492,4.784729,2.627926
2.363679,0,3.576169,10.51996,192.5596,5.556555,2.280434
2.559628,0,5.828134,11.27732,195.6133,6.279776,1.326218
3.445756,0,7.444832,15.06094,204.2327,9.224673,0.4894479
4.362784,0,8.06657,14.36274,210.1563,10.53668,0.09618031
3.544312,0,7.699687,14.6268,213.6209,10.13346,0.442068
3.084139,0,7.674971,13.78953,211.2837,9.265541,0.9259956
1.81842,0,5.418265,13.65574,210.1778,8.418179,1.108202
1.146146,0,3.362145,14.28127,210.511,7.22132,1.888412
0.4558211,0,1.883042,14.0847,217.8116,5.456334,2.541938
0,1.111279,0.6971694,12.96204,223.3338,3.245151,2.789172
0,2.953749,0,12.24218,227.3604,1.700219,3.677793
0,4.433246,0.05488022,11.58134,232.0542,1.4193,3.938024
0,5.61521,0.4145185,10.27774,240.0751,4.696014,3.581574
0,6.792408,1.675505,8.775462,252.7539,6.885823,2.893877
0.4322818,5.702867,3.190767,5.521181,259.8048,6.090813,2.006535
0.6854127,5.190044,3.554993,2.95979,267.6896,4.642334,2.037389
0.8042963,6.112447,3.927533,1.900102,280.0541,4.733382,1.90418
1.068671,5.990492,4.011117,0.252644,290.8593,9.475459,0.8678679
0.7641713,6.784447,3.954427,1.508337,300.7782,15.17325,0.57613
0.3333173,8.539765,3.994382,1.657745,309.1664,15.16265,0.5410489
0.07692583,9.773234,3.579278,2.635301,313.8281,14.12411,0.3047694
0.3498741,9.857693,2.452904,5.050198,316.1305,13.39123,0.2992633
0.5828422,10.23476,2.262293,7.381505,323.1073,12.74093,1.432359
0.9161543,11.96425,2.91612,7.787384,328.2526,12.65267,1.908605
2.272038,12.00447,4.379638,6.630203,331.3254,13.72201,2.560344
3.398635,9.709265,6.124933,5.570331,336.4914,4.503821,2.932858
3.739522,8.717787,6.741852,4.580528,344.2105,1.236878,3.399826
4.022057,8.154045,7.470833,3.239011,356.4295,0.1971639,3.423699
4.480134,6.706593,9.403825,1.548619,363.5594,3.529711,2.727555
4.839089,4.58279,11.19065,0.4385344,370.3358,9.166085,1.793727
4.831533,2.426482,11.65388,0.05307366,381.155,12.94128,1.079138
4.740471,0.7829306,11.86873,0.2406981,388.537,13.00262,0.5416998
5.088083,0,9.444256,0.7074803,394.4049,12.70393,0.1160295
4.251365,0,8.593403,1.695858,403.8151,10.64562,0
3.847755,0,8.073184,3.720385,413.9658,9.570987,0
4.338647,0,7.972703,4.958869,424.793,8.049555,0
4.8824,1.212447,8.424534,5.143137,439.0536,4.342926,0.03908828
4.355093,3.76862,8.42229,6.948851,455.8217,2.558456,0.2007399
3.855297,5.010526,7.62235,6.885172,476.2038,3.79428,0.4426157
3.203192,5.150292,8.514778,6.46403,496.3064,5.775885,0.4931959
4.087672,3.059489,8.684701,6.607399,518.9868,11.33441,0.379124
5.015109,0.6888236,8.363861,6.24441,548.8821,12.6648,0.2140046
5.681945,0.1349713,6.917736,4.588127,583.5536,13.12883,0.3134733
6.387553,0.1864464,5.422619,4.67712,619.5906,14.87523,0.6241905
7.308414,0.5279971,5.569523,4.198667,651.6581,15.45322,0.7225569
7.529457,1.662974,5.983392,4.581962,693.8462,16.54734,0.5155002
8.732657,3.046049,6.342021,4.913999,743.6517,18.22644,0.9532744
9.421576,2.755091,7.688152,5.59372,807.1926,18.36106,1.289957
9.64317,3.132799,8.584984,7.125358,880.5818,20.07269,1.727423
9.811561,3.12601,7.502368,7.880352,966.0781,21.81422,2.118746
10.32243,2.792638,8.213591,6.423738,1057.101,22.05268,2.499331
11.27485,2.164444,8.156255,5.192748,1158.457,23.18717,2.948026
12.86806,3.126877,7.920417,5.352407,1280.151,22.75984,3.44748
14.49568,7.63435,7.346809,4.140374,1402.838,20.81199,4.611455
17.1511,10.83693,7.366832,5.907921,1530.674,19.4377,6.008937
19.34077,13.55241,8.093633,6.850552,1678.653,19.59248,7.421431
20.69193,16.63858,8.969926,8.271556,1865.593,17.91485,9.000015
22.60786,16.91952,10.54274,10.95631,2076.503,19.71977,11.09912
24.66598,17.94823,13.82906,13.95555,2302.329,20.07711,13.98302
28.15688,20.54617,15.91739,16.2981,2569.914,21.65174,17.75942
33.18148,23.36622,17.99619,18.55488,2878.916,22.11731,22.57138
39.25277,26.82553,20.24629,18.92096,3237.726,23.53872,29.099
46.84275,31.97918,22.77565,21.37786,3650.539,28.25841,36.60688
56.3643,39.26868,25.78687,26.73675,4148.083,34.66163,44.98516
67.21892,50.1682,30.04496,32.96443,4761.675,39.3485,55.57713
80.56385,57.56378,36.4604,41.59141,5433.111,45.73395,68.36028
95.78098,70.01008,45.30292,53.55448,6198.319,52.66925,83.05836
111.3791,86.75243,56.23251,67.66494,7088.22,60.56908,100.3733
128.3172,105.8947,70.8462,84.85076,8058.163,70.99639,119.8826
146.9126,129.4511,88.00471,103.2681,9191.931,84.27884,142.3878
166.8158,158.4217,107.945,124.1579,10444.31,100.993,169.313
188.8373,193.0465,131.4477,148.0712,11791.58,121.534,199.5528
214.0701,232.7768,157.7903,174.8727,13419.51,140.4911,233.5576
240.4031,276.0605,186.9402,204.3949,15118.92,169.1722,272.8959
268.6388,321.6185,219.7985,237.4257,16910.78,200.091,318.0374
298.0259,370.4898,257.0521,273.1553,19056.3,229.5341,366.1371
327.604,422.3839,298.5132,308.3843,21372.27,260.755,424.8891
357.0897,480.0535,343.2928,351.1091,23955.75,293.3125,487.1828
386.2261,542.0071,391.7824,393.6858,26732.96,325.7154,555.5226
415.5161,607.2197,443.1598,439.1368,29641.36,359.473,628.3554
442.7483,673.6827,495.7742,486.7312,32846.09,394.6182,705.4388
467.9136,741.1,550.299,536.5704,36365.74,431.8286,786.5277
491.6313,808.2531,606.6846,588.7146,40097.72,470.2993,869.7946
515.1672,871.5418,663.5536,641.9536,44044.16,506.8647,954.6347
540.5101,929.7153,719.4312,693.8705,48189.48,546.2867,1036.302
563.715,980.8521,773.6533,743.1647,52548.97,585.3918,1115.704
586.6377,1026.695,824.1204,788.9582,57058.3,618.4182,1188.303
608.8359,1061.379,868.3466,828.6653,61489.67,646.65,1256.362
628.0903,1088.526,909.754,867.6504,65754.12,673.1804,1319.402
643.6597,1115.673,947.0616,899.3986,69711.92,697.3508,1374.085
656.8603,1136.811,978.5529,924.7547,73484.61,718.7072,1421.523
668.4313,1148.508,1001.784,946.0946,76902.98,733.2724,1458.826
674.9889,1153.313,1014.901,962.9517,79579.95,744.2041,1489.944
679.3088,1151.938,1018.962,975.5846,81768.2,750.7167,1510.01
681.2003,1141.941,1018.251,978.8444,82942.7,750.7574,1521.383
681.0012,1125.324,1011.793,973.5043,83409.48,747.3267,1522.86
679.0115,1102.349,999.1075,961.8844,83261.09,742.4329,1512.956
674.7711,1073.483,980.8169,944.0291,82132.07,729.0354,1493.283
666.2489,1033.157,957.71,922.2277,80465.55,711.4437,1463.497
653.7162,990.0356,932.9767,897.2942,78059.52,691.0744,1427.315
637.5146,947.5462,904.8987,868.0385,75016.47,668.8231,1385.138
619.7789,901.0199,872.0703,833.9651,71637.69,644.5175,1334.964
601.3191,848.2112,834.8954,798.4667,67698.81,616.8691,1277.394
581.862,794.1528,791.4242,761.0149,63416.54,585.3668,1215.031
562.3182,741.0318,742.59,722.0674,58986.15,558.3118,1150.003
542.3388,689.059,695.0932,678.6522,54489.27,522.1436,1081.35
521.8088,637.8284,647.2957,633.7816,50041.75,485.8406,1009.917
499.9978,590.2032,598.519,589.5679,45632.16,450.7557,938.3165
477.3603,543.1725,550.8923,545.5529,41356.93,417.2892,867.6728
453.5118,496.9084,504.458,501.1187,37360.13,383.5676,798.6622
426.8555,451.8951,459.5297,459.3298,33689,349.3177,732.6678
398.5761,409.5351,417.2037,417.6617,30398.5,319.219,670.4687
370.6741,370.4856,377.5648,380.5989,27385.32,287.6847,611.2834
343.5937,333.4854,341.0075,345.8343,24839.45,258.1217,553.637
317.1168,298.0907,308.0023,312.9749,22668.88,231.9814,500.6938
292.0065,267.5562,278.0801,282.6057,20708.87,210.8908,454.6387
268.7521,241.5133,251.7877,254.6271,19127.84,190.7018,413.8096
245.9474,218.7543,229.8846,228.5194,17794.16,170.3342,376.0615
225.4595,199.7019,209.86,205.2894,16632.23,152.4122,341.3955
205.8084,182.4379,191.3703,186.6165,15868.84,136.9874,310.9772
187.9039,166.2756,175.3961,168.3264,15151.56,120.4879,284.2979
171.2705,151.9784,160.5968,152.2717,14477.81,104.7119,260.7073
155.3472,140.1455,146.891,137.0768,13962.85,92.8078,239.5682
140.0595,130.2304,135.6658,125.8362,13492.21,81.61781,220.7809
125.9807,121.3151,124.3965,118.1771,13078.73,71.5085,204.1428
114.6622,112.1246,113.5438,110.9603,12705.75,63.30223,189.831
104.6879,105.0331,104.2166,103.7081,12355.07,57.02515,178.1705
96.46263,98.992,97.14503,98.01064,12043.22,53.4846,169.1756
88.9053,94.43626,92.68679,91.99751,11736.02,53.44704,162.0639
81.40585,89.45994,89.72512,86.44558,11432.28,54.98339,156.1581
75.16614,84.68619,86.33337,82.74986,11137.85,55.45091,151.2375
69.67002,80.2289,83.81888,79.49595,10859.11,51.64074,147.8542
65.62127,76.28029,81.14648,76.10174,10592.36,46.14448,145.4822
61.71535,73.8371,79.87825,72.58932,10338.68,41.91212,143.7152
58.41205,71.466,78.07114,69.37947,10099.65,39.4607,142.5179
55.81561,67.80597,77.05177,68.82431,9879.233,38.83382,141.9117
53.56122,63.28656,75.30429,65.24148,9611.339,37.98063,142.2326
51.45993,59.89857,72.90044,63.22876,9348.753,37.58767,142.5659
50.56187,56.10492,71.04042,61.14308,9112.527,38.10579,143.8441
49.80485,53.91965,69.99138,59.51036,8849.529,40.32463,145.6055
48.37591,52.49887,69.69429,57.50085,8573.017,41.6125,147.3613
46.91682,51.90746,69.74824,55.82558,8276.525,40.95793,149.2387
45.68064,51.72917,71.05125,55.82375,7966.717,39.64719,151.6967
44.13905,50.70431,73.33363,55.59072,7649.745,35.7374,154.0038
43.97246,51.69443,75.75517,55.69954,7348.288,32.00346,156.0295
43.23628,50.98737,78.14561,54.41051,7043.972,32.35606,157.754
42.99469,47.82217,80.38798,54.1116,6736.727,33.36432,159.3376
42.01852,46.37792,81.53443,52.28922,6448.222,35.62738,160.708
40.76623,43.53975,81.15559,51.50312,6164.509,39.68198,161.4451
40.144,41.41694,81.45904,51.78618,5886.65,43.3786,161.4973
39.57384,41.42149,80.00816,51.4949,5633.221,43.84536,161.718
38.87621,41.62347,79.2748,51.29407,5392.938,44.1729,161.1129
38.81794,41.3471,80.25336,50.63285,5175.402,45.03191,160.0354
38.70472,42.29323,81.43107,52.75355,4966.559,47.22279,158.7178
38.65472,42.02953,83.90976,52.46172,4763.832,48.07315,156.5333
38.97705,43.47912,85.84277,52.08096,4576.535,50.01699,153.5338
39.8418,42.1438,86.99509,52.7175,4394.106,53.18432,150.019
41.00098,41.00046,88.94424,53.74208,4215.705,56.56438,146.1519
42.58072,40.31438,89.53419,54.41728,4042.161,60.03685,142.0967
43.4432,40.35272,89.39528,55.31834,3873.383,63.89004,137.7599
45.17027,41.69923,89.87361,57.78999,3711.081,71.82563,133.3677
47.43853,43.75719,87.84349,58.48257,3564.934,75.32668,129.3485
49.93375,45.75911,86.35887,59.08088,3426.498,78.91032,125.4149
53.56874,48.17214,85.61819,59.09335,3300.158,83.6498,121.494
57.11368,51.5626,84.28115,59.40828,3170.206,88.28928,117.821
60.59791,54.76083,82.44873,59.11871,3042.558,91.31767,114.5197
64.72045,57.55594,80.75102,58.91484,2933.438,92.77302,110.7291
69.64572,58.26847,78.11798,60.56742,2828.125,94.51461,107.1876
75.58107,57.473,76.90668,62.89886,2725.793,92.73817,103.8657
82.28169,56.08639,76.42336,62.4353,2635.233,92.41663,100.8079
88.19581,55.79337,75.02873,63.74033,2551.367,92.8842,97.95135
96.37317,55.85905,74.0893,65.01578,2474.951,94.75799,95.28268
105.7978,55.43226,73.61748,66.0967,2408.129,96.68922,92.84035
116.1895,55.41762,72.9352,66.97174,2345.202,97.28432,90.47675
127.3656,54.95287,72.18973,67.6946,2287.841,97.28587,88.0783
138.9092,54.46899,71.90018,68.10156,2227.33,97.83765,85.58194
150.4162,55.98499,71.77701,68.05351,2168.811,102.3466,83.41394
163.1502,56.91588,71.82848,68.97532,2120.585,103.3588,81.20941
178.2818,56.63661,71.6139,70.22729,2070.821,104.0085,78.89461
192.5234,55.99458,73.41707,71.17914,2020.512,104.4876,76.62653
207.1402,54.83677,72.66452,70.31756,1972.884,105.9376,74.36938
222.5194,53.83392,70.57806,69.80196,1928.156,109.4847,72.0874
238.8961,53.74258,68.55028,70.17031,1886.034,113.9359,69.79888
257.3994,54.46695,66.60616,71.14966,1839.368,115.9612,67.67624
275.4988,56.09797,64.32905,72.6242,1794.048,121.4459,65.63197
294.6288,54.51536,62.26968,73.43225,1751.019,123.8208,63.42809
315.1653,54.79673,61.77991,74.45049,1705.72,125.9952,61.06953
337.6603,54.61672,64.00878,74.02995,1660.222,129.3023,58.82936
363.337,55.14258,64.97952,76.22386,1615.388,133.5601,56.80667
392.3385,55.02171,66.81867,78.1724,1573.617,137.5387,54.74715
419.3109,54.13926,69.83783,79.56844,1533.5,139.8602,52.94473
446.0493,53.61274,71.55548,81.21297,1495.703,140.7855,51.18795
477.2596,53.99313,72.84348,83.67917,1461.491,145.9446,49.72476
509.939,55.11948,75.08452,87.4159,1429.895,153.3899,48.4039
544.1331,58.1762,76.89516,92.08703,1399.679,159.2608,47.06154
579.2516,63.23026,78.75034,95.36118,1369.963,167.4876,45.97464
612.0832,67.6902,81.44576,97.47357,1340.853,176.5862,44.80877
642.155,71.58501,82.32191,98.73507,1314.423,182.5871,43.45646
667.1234,75.23077,84.33336,100.4264,1289.166,188.5967,42.29111
687.4556,79.308,85.3982,103.4883,1265.648,200.1983,41.27383
702.2657,83.43298,87.05447,107.4746,1243.154,216.5356,40.22918
707.2881,87.08959,89.72564,110.9804,1220.474,230.8137,39.18631
699.7166,90.84228,92.85257,114.3756,1195.734,246.4359,38.31867
685.4237,95.71921,96.3514,121.192,1173.401,267.0747,37.51151
661.2629,101.0994,99.98399,128.3007,1152.665,293.3069,37.30178
628.8489,106.3581,104.2108,136.9246,1134.66,323.8717,36.74623
592.5043,114.6986,109.1896,146.1575,1118.139,358.5188,36.68451
551.0958,124.4148,116.0695,157.0469,1103.067,394.4414,36.59881
504.4012,135.6665,122.7637,171.5608,1095.654,437.225,36.42245
455.0534,151.2603,131.7387,190.3058,1087.682,486.0658,36.45206
405.1355,170.1388,143.2714,211.7,1078.023,547.1339,36.74252
359.0358,192.851,157.7531,238.0989,1073.078,622.1383,36.97005
316.7137,222.3358,176.8714,271.6616,1069.079,712.8796,37.29672
276.8918,258.6592,199.8237,313.799,1064.707,820.3484,37.41066
240.8677,297.141,223.8952,365.9131,1054.193,942.912,37.59202
209.8931,345.5702,251.0264,427.9638,1041.102,1103.31,37.88894
182.6912,406.5362,290.9136,503.0298,1029.57,1311.676,38.252
162.2682,489.4848,342.4287,597.7378,1016.786,1569.797,38.64563
146.7533,586.552,396.9706,718.6478,1003.016,1889.895,39.04831
133.9794,701.079,464.9398,869.5341,982.8086,2274.813,39.2067
124.1227,840.8986,557.9122,1051.104,963.7151,2737.391,39.61845
117.523,1013.934,677.1457,1264.597,946.121,3293.943,40.11023
114.1588,1225.266,824.4828,1541.378,931.3957,3942.624,40.50766
113.7464,1480.703,1012.999,1864.448,918.634,4740.315,41.07033
116.3468,1792.251,1241.885,2243.088,909.3629,5651.689,42.01973
119.8459,2155.682,1511.252,2697.343,899.5225,6723.474,43.11161
126.1441,2587.043,1832.687,3224.159,891.1277,7954.216,44.12146
135.0513,3084.05,2227.474,3822.095,890.3832,9324.233,44.97783
146.5462,3663.732,2699.246,4561.816,885.772,10882.51,46.19011
161.7364,4315.85,3241.454,5431.216,878.4875,12710.46,47.00508
179.5434,5012.192,3850.775,6413.632,866.708,14784.1,47.43137
200.2039,5747.688,4532.72,7504.465,856.8727,17149.45,47.45008
223.8388,6522.405,5295.447,8686.774,849.0969,19809.61,46.81818
250.491,7328.897,6120.936,9929.334,841.2735,22572.29,45.51532
279.7312,8186.506,7061.481,11203.09,831.7645,25438.02,43.65661
311.8219,9063.057,8032.834,12502.56,819.2404,28325.35,41.75203
349.1529,9954.267,8993.357,13807.89,806.4114,31064.39,39.87473
394.9538,10827.76,9931.658,14982.31,793.3631,33461.77,37.83653
445.6739,11656.86,10839.91,15967.14,779.8459,35380.61,35.81955
504.4262,12395.02,11687.15,16733.06,769.7974,36642.66,34.10365
572.4853,12985.42,12413.05,17214.5,761.1023,37285.62,32.61322
648.5206,13379.08,12950.93,17360.41,749.084,37196.96,30.62594
730.0222,13563.01,13165.48,17154.21,739.1139,36391.69,29.04414
818.7942,13533.35,13110.7,16587.35,730.895,34947.3,27.54822
906.7548,13236.6,12801.05,15596.24,721.742,32911.91,26.02284
986.7382,12744.75,12257.48,14274.71,710.2513,30339.72,24.66095
1052.522,12007.45,11472.24,12825.84,695.4514,27467.56,23.65644
1099.336,11127.61,10476.67,11298.39,677.8372,24410.56,23.04571
1122.8,10148.73,9355.325,9752.831,660.7877,21270.31,22.72586
1117.832,9110.911,8203.056,8265.17,646.4369,18281.43,22.68525
1073.089,8033.448,7075.677,6903.956,635.6167,15546.36,22.98992
1003.38,6956.869,6027.275,5712.124,624.9244,13131.52,23.0976
913.1786,5941.299,5090.853,4716.526,607.5208,11065.19,22.83415
807.7684,5035.896,4246.22,3946.918,595.5521,9342.78,22.51148
695.8278,4260.972,3547.919,3354.884,587.5866,7975.226,22.36149
586.5773,3580.161,2995.232,2871.297,588.6089,6999.684,22.14728
484.3587,3061.273,2555.757,2515.074,586.6384,6233.676,21.5592
397.3643,2647.266,2209.137,2260.872,581.2249,5655.242,21.28281
326.4906,2335.886,1951.277,2075.787,577.1472,5226.685,21.28026
270.5034,2096.938,1754.248,1943.282,574.0681,4908.155,21.0645
227.4258,1916.42,1614.003,1838.464,572.662,4667.342,20.67423
194.693,1775.272,1498.365,1760.602,567.0778,4477.158,20.38978
169.8388,1658.035,1413.764,1698.936,559.6563,4300.243,20.31882
153.872,1565.292,1347.146,1644.559,549.9192,4153.895,20.09945
142.9158,1491.641,1291.586,1589.627,542.4489,4008.38,19.73561
134.7658,1428.04,1242.337,1535.381,536.1153,3854.558,19.49911
128.6659,1380.722,1195.614,1486.696,528.613,3696.367,19.42636
124.3527,1343.065,1150.121,1442.814,520.1951,3539.341,19.3087
122.2038,1308.017,1108.035,1394.634,510.9269,3385.471,19.1103
123.2764,1273.207,1070.864,1342.171,508.8779,3232.204,18.90734
126.7836,1228.037,1030.681,1306.876,505.5532,3074.441,18.71548
134.2227,1179.662,993.0848,1255.647,499.7077,2920.844,18.31997
145.6673,1137.656,954.344,1205.915,490.9467,2769.334,18.34238
162.2262,1095.45,917.4092,1157.339,482.0185,2610.262,18.46401
184.8633,1051.187,878.2438,1105.198,474.3261,2455.52,18.72154
214.6388,1001.609,836.1063,1048.797,470.6121,2308.403,18.87983
255.1488,944.4123,795.2921,992.282,468.8278,2161.392,18.92795
307.2761,891.8605,754.4811,938.2824,468.4515,2011.34,19.07872
366.8606,841.3264,717.0922,888.3481,467.5435,1882.724,19.39633
438.7844,792.5537,680.3912,840.7952,466.2366,1760.449,19.14109
525.1984,747.0034,643.1557,797.7079,464.7939,1647.922,18.45019
623.2193,705.7205,608.9915,761.7087,465.0237,1542.935,17.93776
725.7252,668.7286,574.3997,726.4324,467.3441,1448.71,17.34868
837.0406,635.8035,540.4175,690.42,477.8576,1362.597,16.86648
948.8248,606.8615,507.7642,657.6656,487.4919,1280.442,16.53775
1053.814,580.121,475.8798,624.265,492.8372,1204.585,16.03649
1145.075,552.4588,446.1974,589.5211,498.2817,1136.769,15.59765
1214.921,528.5809,415.7551,554.7881,503.8124,1082.388,15.51432
1255.108,504.9916,389.9251,520.6336,509.572,1031.426,15.74848
1257.358,485.1788,369.7949,486.3289,513.6487,983.9548,15.99037
1210.624,467.2756,351.2648,454.8777,517.2484,938.3784,16.09791
1133.913,450.13,333.6089,426.9079,528.912,895.4849,16.13641
1031.333,434.1606,317.7733,401.5319,542.5674,857.329,16.25665
907.7922,419.142,303.3272,379.6407,558.231,823.7193,16.44281
773.1914,405.825,290.0884,360.3294,566.1648,792.8782,15.89349
641.7263,392.053,279.628,343.5801,572.3734,764.2577,15.52195
521.6707,380.8662,269.0855,327.9127,576.5748,734.6785,14.86815
421.3201,368.9675,260.9247,313.7442,582.9727,707.7859,14.08795
342.2539,357.7252,249.2342,299.7765,590.731,684.0137,13.48413
280.8591,346.6081,238.2247,285.8114,601.0895,660.9611,13.14325
233.6063,337.0535,228.3591,272.1266,601.3913,636.4298,12.88178
197.8631,327.2786,218.3874,259.2766,597.5347,611.3678,12.65587
171.6392,316.1177,208.3649,249.6911,598.2522,587.3756,12.73418
154.2351,305.7182,199.5263,239.3107,596.2633,562.3448,12.9625
141.0008,294.6577,191.9675,229.5219,592.0728,542.5235,13.24068
129.5325,284.7477,183.4953,221.0981,583.3961,523.7068,13.34301
120.0481,273.7476,176.9107,213.8772,579.3888,507.3015,13.43638
112.8271,265.6934,170.9044,207.1279,581.8046,492.4521,13.67152
107.3913,256.0032,165.471,201.78,578.4279,477.5776,13.63715
102.5782,247.6414,159.7239,197.901,572.0732,467.0794,13.54134
100.3315,240.3074,154.6083,191.4499,560.8845,455.553,13.59884
98.23387,233.1211,150.9382,188.9268,548.9539,443.4642,13.53259
97.34895,225.7853,148.0689,186.7208,537.0469,431.1013,13.53528
97.95867,218.5169,144.758,184.6244,526.5911,420.7307,13.67943
100.8156,213.1402,141.6464,179.9359,515.3292,408.8477,13.91752
107.8012,206.6331,140.3873,173.5166,503.4544,396.4599,14.11348
119.4431,203.2308,136.7611,166.9404,489.5682,387.6798,14.01803
136.8611,199.3288,134.6129,160.6791,477.3164,379.0697,13.77231
161.2894,196.9205,131.4035,153.9981,466.8539,373.1412,13.77017
194.8003,193.7762,128.0569,146.2174,455.375,364.2636,13.59585
238.1802,190.6052,125.1992,141.1295,444.056,359.845,13.23532
292.644,188.1156,122.9833,137.902,433.2129,355.379,12.82693
363.0016,185.2179,121.1789,136.8815,424.7405,350.28,12.38661
452.0676,180.7031,118.0858,137.4355,416.1033,345.8574,11.75944
555.3002,175.6375,116.1236,138.3937,404.6299,342.7263,11.64952
668.2629,172.4409,113.9864,138.9436,394.2624,340.4971,11.59867
789.7128,169.5623,113.2327,139.0365,384.5312,335.494,11.61633
916.749,167.4862,111.498,138.9765,375.3985,334.2107,11.45993
1042.44,167.2868,111.4091,140.0029,367.556,333.822,11.30098
1154.32,168.4924,112.3636,141.0136,360.8536,332.6454,11.37449
1236.79,170.3495,113.1694,142.0858,355.3949,331.3703,11.68527
1285.36,172.1495,114.5967,143.7823,349.3559,332.0112,11.9718
1298.005,174.383,117.0682,148.0383,342.396,334.8369,11.31888
1272.007,177.3673,120.3737,153.6563,336.8396,335.3128,10.7345
1206.979,177.914,122.2736,158.3861,331.9214,338.0332,10.2189
1108.484,177.5582,125.5049,164.2772,327.9748,341.7918,10.03991
983.5765,178.1871,127.5987,170.2181,324.4572,345.2544,10.08583
848.2124,178.7736,129.403,176.2329,320.8761,346.4444,10.16952
716.4866,180.8677,129.94,181.2455,315.931,346.6909,10.4242
596.157,183.9901,129.6336,186.6732,312.6361,347.3604,10.47211
491.0258,186.8416,130.1688,191.3456,310.4998,347.5154,10.67717
402.1157,189.3486,130.7301,195.1413,307.6328,345.6332,11.07251
330.0838,191.4853,130.8933,198.4463,304.5003,344.2107,11.51228
276.7824,192.6543,132.6582,200.7274,301.0521,343.1837,11.5344
238.3741,193.9696,134.8229,202.666,300.7032,342.2406,11.0891
205.4567,195.049,135.9767,204.1613,300.2085,341.2979,10.68491
177.1172,194.1409,136.4027,204.868,298.66,340.2841,10.7402
154.7992,193.7,135.0869,204.5706,293.3093,339.1259,10.53683
137.5602,193.7507,133.2307,203.4346,287.1282,337.426,10.28491
124.8821,194.439,132.0593,201.663,282.2729,333.7897,10.15738
115.2483,193.9987,129.5225,199.7395,276.1917,329.2916,10.05892
107.2084,192.4755,127.845,197.8764,269.4039,323.4866,9.961735
100.6234,190.7867,128.2622,194.8378,262.4801,318.7292,10.02298
94.90491,188.3268,127.4618,191.4066,255.9337,312.7374,10.46297
89.51699,184.5832,127.068,187.1019,249.7496,305.5137,10.92542
85.07191,181.1019,126.2626,182.3779,238.7738,298.245,11.12105
83.38232,179.6884,125.4471,178.2704,228.4116,290.7531,11.25894
80.26276,175.8451,123.879,173.044,219.4761,281.5724,11.49639
77.29984,174.1369,120.5248,165.9984,211.2451,273.4336,11.28614
74.45778,173.1343,116.754,158.7214,205.8739,266.8004,10.62329
71.64285,170.6304,115.699,152.8189,208.3966,258.1925,10.1827
69.30624,166.6359,112.2677,146.2514,209.2006,247.4714,10.1662
68.07101,161.9844,108.5174,140.9509,209.2195,235.7371,9.812266
66.19572,156.2618,105.3172,136.4861,209.1167,223.8945,9.715827
64.82838,148.6913,101.7042,133.7546,210.7217,212.1578,9.698668
63.52314,139.5596,97.52032,132.8793,213.6478,200.9444,9.81684
62.51631,131.1909,92.94154,132.794,215.1408,192.6426,10.04689
62.3377,123.7084,88.24014,132.3758,216.0397,183.8793,10.37394
63.1119,118.0171,83.73738,131.405,216.1707,177.1177,10.81128
63.38565,114.3827,79.60046,129.7595,216.3004,172.5746,10.79111
63.94452,110.5945,77.24881,127.2981,213.8405,168.8524,10.44551
65.42625,105.8285,75.62276,124.5632,205.5804,164.206,10.22936
69.84195,100.9705,72.9813,120.5606,200.1638,158.0349,10.3248
79.10781,96.54777,70.21111,115.4008,195.9846,152.2781,10.41332
94.12984,92.24945,68.70695,109.6698,192.9958,147.9602,10.36048
114.0262,87.29067,67.37563,104.2759,194.0412,145.7534,10.30651
145.7786,82.27655,65.46863,99.96343,197.3465,145.6294,10.19468
189.619,78.04367,63.88505,96.48051,196.3843,146.8345,10.32879
246.8207,75.08975,61.51013,92.69279,195.7489,148.6212,10.31525
319.8104,74.03287,58.97343,89.1974,195.4538,151.4224,10.35774
410.4,73.03174,58.50041,87.09132,198.8052,156.407,10.1913
518.3172,71.3938,57.2088,85.47375,201.1796,159.7006,9.984541
640.9442,69.60847,55.50452,84.0959,201.3192,161.8423,9.898398
777.96,67.7057,53.54261,83.36062,201.61,159.6772,9.698468
918.4583,66.13698,51.64159,83.34904,201.2749,155.336,9.563403
1051.087,66.30742,50.59668,83.16175,198.7727,151.6385,9.458874
1166.977,65.05025,50.49932,82.61933,193.826,149.5687,9.154216
1259.226,64.91085,49.81218,82.37108,187.8614,147.761,9.255862
1320.498,64.17008,51.72722,81.12258,183.4125,144.0115,9.37396
1324.867,63.21748,51.70617,79.80122,179.9728,139.2734,9.226935
1286.732,61.64844,53.36079,78.58846,177.3818,138.095,9.059347
1210.479,59.80105,55.60506,77.16091,171.7921,136.3369,9.263254
1104.973,58.07137,56.87597,75.64422,166.4371,134.4068,9.657522
979.9645,56.09969,57.57589,74.62446,161.5006,133.3013,10.12915
844.9357,54.43316,57.98664,73.3051,158.6896,131.6583,10.32935
713.3201,53.54148,57.87331,73.07899,157.7358,128.2131,10.43228
592.522,51.7557,58.04481,73.12683,160.4581,125.6287,10.48998
486.6259,51.00697,57.58966,71.67405,162.2583,124.3592,10.52423
400.6342,50.72918,56.60873,70.28335,162.9875,121.568,10.64286
333.0936,50.03099,54.82989,68.75863,159.9503,118.8579,10.76977
278.2838,49.88336,52.9564,67.04397,156.14,117.0598,10.30324
230.3344,50.10229,51.8511,66.15871,151.833,116.4763,9.858035
197.0277,50.10458,51.03897,66.07812,148.289,115.467,9.761344
169.4095,50.29211,49.82216,63.63421,144.0187,113.0118,9.649417
149.1043,50.11763,48.40966,61.85467,138.9265,112.1419,9.324723
134.3289,49.40287,47.7265,59.75145,138.7686,111.315,8.935946
123.2204,48.93747,47.76476,58.05979,137.3266,110.1141,8.59451
114.8274,46.28023,48.74477,57.13277,132.4148,108.6181,8.243553
109.0617,44.52478,48.51048,55.37211,135.1245,104.3881,8.063601
105.286,42.51437,47.99066,52.50406,138.9702,99.02121,8.081835
101.9091,40.79504,46.10604,51.94125,138.99,94.46251,8.023012
98.93859,39.94086,44.64798,51.27407,139.2483,91.00879,8.096115
96.15475,39.63243,43.56563,51.17558,139.9997,88.06068,8.218582
93.48,39.29068,42.14415,52.00386,144.6066,83.09055,7.851062
91.10345,38.61902,42.00945,51.5843,147.6574,82.24831,7.849932
88.98211,39.08955,42.0658,50.92773,149.2869,81.54689,7.546154
87.854,37.75161,42.28944,50.53707,152.6482,80.69955,7.32043
88.32045,37.57224,43.73287,50.49912,153.9655,79.68162,7.041814
91.04847,36.27464,45.88486,51.20334,152.0392,78.24792,6.78129
97.06834,34.90857,47.96617,52.09145,148.1614,75.65115,6.701135
108.2943,33.93142,50.7884,48.43195,145.0958,70.65802,6.844513
127.8164,33.39206,54.58867,46.34803,145.3391,65.27625,6.995588
156.7224,32.98466,59.03554,44.24974,147.3987,61.94694,7.385582
200.4675,32.37336,63.84867,42.64248,149.6004,58.8777,7.720212
262.9003,32.14471,67.89207,42.08426,147.9743,55.44492,7.615899
343.1477,31.02321,74.06236,41.71902,140.6034,54.49055,7.870481
442.2039,31.40215,80.71584,40.83373,129.1004,55.64411,8.198166
562.5416,30.18222,85.7153,41.50656,125.1453,55.6098,8.256217
700.0015,28.91921,90.42696,41.4818,122.946,57.22026,8.357938
850.1822,28.08708,93.92003,43.52116,122.9052,59.1292,8.324484
1005.828,27.66654,95.55196,44.36292,118.6443,59.82389,8.569588
1146.101,27.55708,96.02299,44.5296,114.6556,61.28568,8.194037
1261.117,27.61321,95.78976,43.99855,112.4055,60.55571,7.782815
1344.301,27.52106,92.92178,43.41436,109.7132,58.44656,7.520678
1385.345,26.97397,88.22887,43.54681,107.1056,56.09042,7.400669
1373.005,26.67508,83.77304,44.17297,105.4434,52.60506,7.324134
1313.198,26.61976,81.06143,45.26841,106.2091,48.28341,7.194703
1212.152,27.55571,78.83352,45.23649,108.8518,46.84331,7.642235
1083.339,26.21698,76.28556,46.04834,117.8632,43.81109,7.702954
938.1703,24.21039,74.19064,45.03688,121.3119,42.14647,8.047529
786.2553,23.12467,71.96311,45.03475,119.2435,42.33651,8.141731
641.619,22.29538,68.36975,45.49022,118.3795,43.70508,8.069986
519.3157,20.87021,66.0057,45.12405,116.5949,45.99721,7.872164
408.94,19.58529,62.32897,44.86522,113.1405,48.8587,7.293231
320.8327,18.84571,59.06842,44.33412,112.0073,48.44172,6.91315
254.2973,18.30164,56.22069,44.82791,111.4909,48.48013,6.659419
204.6506,18.85002,54.95091,45.19062,111.2026,49.25628,6.726728
168.0054,19.35226,54.28672,45.23383,109.8906,49.36424,6.424401
143.7024,20.36914,53.3013,45.49789,107.5502,49.9272,6.288514
126.4723,20.29893,52.24633,45.14866,101.124,50.93163,6.417074
114.9452,20.22099,51.5126,43.84401,96.158,52.00606,6.540767
107.3135,20.94074,49.93717,42.56121,92.36013,53.41504,6.7955
101.7271,21.77401,46.90623,42.25526,89.07615,54.70683,6.694133
96.9594,22.14259,44.12065,40.99255,87.83985,55.40475,6.513914
92.81298,22.73492,41.5498,40.63726,89.33469,56.01587,6.344427
88.08401,22.81691,41.59915,40.60681,82.8365,54.03252,6.062659
84.16385,22.0327,41.05132,39.57997,74.60445,52.24256,5.813315
80.56956,21.58721,39.86102,37.56031,65.2597,50.35106,5.754395
77.47115,19.97988,38.89109,35.7988,58.84798,47.55041,5.757471
74.45184,19.17786,38.63759,34.59374,54.99168,45.15876,5.26818
70.81879,18.59975,40.40053,32.33356,58.34607,40.10468,5.393542
67.46826,17.65797,42.83918,29.94209,62.37994,38.00441,5.425738
64.23762,17.13549,44.74102,28.2315,67.08398,34.69191,5.654979
62.0911,17.64944,47.57856,26.85465,76.72409,32.38305,5.873058
59.76161,18.02441,49.79248,26.72008,84.09129,33.24844,5.963594
57.36387,17.56191,52.50513,27.90906,89.01073,36.09842,6.022954
55.28846,17.81066,54.88725,29.0066,94.49665,38.73829,6.185543
53.38711,16.98713,55.29594,29.43235,98.00957,41.17848,6.234565
52.71074,17.71414,53.22658,29.90914,97.82784,44.25517,6.219153
53.02763,17.44448,49.82251,29.5414,99.39536,45.95052,6.355124
54.09261,16.80959,46.372,31.15055,99.445,48.47546,6.324308
54.29329,16.9904,43.73171,30.34116,92.71792,47.22175,6.35039
54.14844,17.24022,40.92452,29.44184,88.0309,46.95717,6.351457
54.76831,16.56287,38.00601,29.03167,84.49281,46.97163,5.990524
54.22757,16.53098,36.23698,28.92379,81.9575,44.75248,6.139545
54.02283,15.31685,34.20511,28.64677,78.43317,43.91192,6.039252
54.2606,14.64814,32.07575,27.94756,74.04919,43.47211,5.963995
54.22047,14.40334,30.64945,27.06019,74.89554,42.73731,5.842458
54.06513,13.92876,29.19342,26.00346,76.58208,43.15437,5.695415
54.19931,14.99442,28.79154,25.82774,79.26511,42.74187,5.595498
54.91505,15.30641,27.6784,24.54374,78.95152,42.24924,5.627857
56.45327,15.80981,27.77319,23.55499,77.99294,42.71715,5.802186
57.11273,18.28995,27.36657,22.37608,76.80406,44.26705,5.716222
57.57159,20.46795,27.21777,21.17863,76.08389,46.43243,5.360268
58.70726,20.47154,26.72824,20.92851,75.54039,50.12602,5.141893
60.71833,21.24209,26.04359,21.8223,74.94565,47.59945,4.993186
63.93895,20.5407,25.10962,21.9479,74.67657,45.49437,4.695751
69.58515,19.11742,23.63559,22.04932,74.64408,42.54682,4.426229
76.67588,18.43374,24.25952,21.93291,74.96101,39.55111,4.562117
89.148,18.35718,24.22757,22.20478,73.34913,37.27378,4.664142
112.2057,18.53137,26.21684,23.17045,69.48123,35.43873,4.761189
146.4532,18.34003,26.82865,24.00836,68.0514,33.49086,5.419974
193.2269,18.33548,27.55774,24.13207,66.28922,33.39489,6.140302
255.8938,19.27102,27.51613,23.88699,63.30313,32.73884,6.591596
339.3888,18.43723,26.59029,23.52418,58.3498,32.95351,6.677921
444.069,16.85523,25.11756,23.6408,53.35085,33.59151,6.620191
567.6194,15.86913,23.01696,23.3912,50.44976,34.66252,6.755364
702.6918,14.74359,20.69557,22.95016,47.64901,36.84879,6.308857
841.2163,13.32984,17.95964,22.67197,45.07096,40.51542,6.113616
975.4326,13.42297,17.01901,22.2029,44.4588,44.2786,6.232561
1098.017,14.09738,15.95911,21.48278,43.9317,44.71733,6.155575
1195.97,14.59539,16.22907,21.09403,43.48489,45.26746,5.892038
1255.358,15.17227,16.15577,21.53598,42.2954,46.41785,5.764917
1271.246,15.89445,15.82414,21.62414,41.37023,47.65651,5.945206
1243.383,16.39474,15.67658,22.4775,40.92517,46.63637,5.968141
1176.006,16.00758,15.47792,23.55387,40.24953,43.15827,5.695558
1075.038,15.36271,15.84541,24.06617,40.808,39.49004,5.604058
945.0775,14.66612,15.5799,24.39071,45.03416,37.16014,5.509034
803.5489,15.16692,15.4746,24.44087,49.2454,37.33584,5.49853
660.4398,14.71091,13.80485,23.9642,53.03239,36.81176,5.560247
526.2697,13.36861,12.02251,23.47365,54.06519,35.58006,5.611608
410.4421,12.01048,11.07391,24.01167,54.39282,33.711,5.624243
316.9147,11.14064,10.53789,21.35042,54.17864,32.88494,5.584923
243.853,10.81603,9.788559,20.11527,52.68835,34.55523,5.438086
190.6397,10.75211,8.734612,19.21521,51.06873,37.346,5.44375
155.4822,12.74714,7.672353,18.00799,49.28474,36.05356,5.557782
131.2563,13.88679,7.750738,16.86767,49.12847,34.38627,5.816903
114.8471,13.68459,10.52862,16.20311,47.41218,32.69134,6.260246
103.0628,14.27919,9.761028,16.14454,41.76421,31.27784,6.787796
94.24465,15.68886,8.923935,17.26051,37.98788,30.9945,7.067257
89.25513,16.28517,7.660785,18.14927,34.99819,30.63771,7.438065
84.709,16.13656,5.653137,20.70186,32.7095,29.71661,7.386896
79.88183,16.16189,4.061022,24.11408,30.01711,29.57004,7.426487
76.35394,16.08657,3.51711,26.47117,27.50838,31.1722,7.262981
73.56828,15.50043,2.561234,28.3265,32.02699,33.29136,6.8712
70.86942,14.87597,2.276576,29.92867,33.45846,33.52011,6.421791
68.18354,15.54371,1.784469,30.19667,31.72562,29.83081,5.992479
66.19048,13.32758,4.210382,28.22368,32.06046,28.68761,5.714311
64.46176,11.20756,7.508882,25.87387,32.07602,28.35059,5.779458
62.79771,10.18036,9.051661,24.87951,31.26998,25.99623,5.436232
61.59142,10.31807,9.679362,23.32374,31.00922,23.58397,4.981392
60.70514,11.26034,9.770813,21.88935,31.7447,23.55021,4.726906
59.87238,12.45555,8.851588,21.01348,35.22968,21.39936,4.745831
59.12811,13.23664,7.661762,20.7018,32.7523,21.08354,4.938147
59.68301,12.9015,7.349126,20.79211,27.7831,22.08032,5.283929
60.72675,11.36403,7.939912,21.00727,25.85629,24.15965,5.19159
61.33223,10.454,9.154791,20.45545,25.8015,26.3558,5.350006
61.83746,8.370326,10.77746,20.93479,27.29501,27.64416,5.255406
63.45917,5.401241,13.44864,20.47132,22.16045,28.38916,5.201786
66.93757,4.501951,16.07043,19.7596,20.69868,31.61649,5.244987
70.99084,4.713214,17.82498,19.91861,24.46735,30.0951,5.240489
77.87244,4.972961,18.54704,20.19833,22.95204,27.90974,5.14498
89.68887,5.435465,18.3013,20.5548,21.71726,27.0701,5.225719
109.3491,6.350724,17.89556,21.76586,23.31607,25.63883,5.923002
141.0574,8.183477,17.84277,22.31203,24.96562,25.43125,6.309329
187.4435,10.96657,15.06817,22.14154,26.4711,27.68836,6.457184
249.1001,10.31812,13.73459,22.86084,27.14934,29.80247,6.374796
327.9505,8.813954,11.76686,23.03721,28.72438,31.30459,6.201562
424.8928,6.851657,9.506289,23.62814,30.5347,31.42085,5.971948
532.7811,5.520089,7.920459,23.5909,22.97106,30.2816,5.230642
650.0784,5.338271,7.019437,22.47629,18.89229,29.91557,4.949388
767.4827,5.277301,6.236713,21.42896,18.69234,29.77772,4.638343
875.853,4.169133,6.094049,21.56869,19.9288,27.88559,4.824781
972.6077,2.816635,6.960793,20.15462,20.5029,25.09125,4.992988
1041.643,3.629341,8.867055,19.73517,19.55257,25.32416,5.320346
1082.844,5.418808,10.54409,18.56811,23.54108,25.24135,5.975364
1093.366,8.290131,11.228,17.81744,28.22699,27.4612,6.521217
1069.682,7.72299,12.07411,18.41323,30.47418,28.94136,6.91395
1013.954,7.487201,12.46094,18.85197,31.94093,28.88888,7.356941
932.4582,8.022622,11.69897,18.57537,33.10201,27.37188,7.406663
829.8655,8.519332,10.67311,19.13348,35.33458,25.09901,7.264242
713.5328,8.601755,10.20738,18.26742,32.79673,23.28185,7.059174
598.551,8.633923,9.274537,18.14246,25.97297,22.76215,6.889727
487.1394,8.719337,8.443737,19.75097,22.28149,21.25148,6.933357
386.9463,8.023382,6.940801,19.19605,18.87556,18.29648,7.437464
302.9729,8.098866,5.882288,18.47725,15.71809,19.43771,7.351215
234.4926,8.252042,5.454753,18.10876,11.06425,20.45154,7.988474
186.4448,8.038134,5.805999,18.04786,6.683721,21.30567,8.7378
152.0544,8.005235,6.639033,18.54955,3.826922,22.06616,9.315958
126.426,8.428316,7.5613,19.02165,2.676874,21.84927,9.733471
109.2934,8.901731,8.934571,17.82631,2.656166,19.94396,9.874173
98.18603,9.288033,10.15813,18.87408,5.160041,17.49721,9.476871
90.20128,9.664537,11.51526,20.29813,7.344709,15.82057,9.116632
85.02761,9.872567,12.95707,21.1715,9.28276,14.96923,8.445959
81.76127,9.701376,12.91416,21.59783,10.28251,13.52883,8.205894
78.8604,8.629406,12.65497,21.3329,9.462012,12.45353,8.398429
76.48602,9.048827,12.06006,20.47251,6.440661,12.53847,8.566755
75.05581,9.590204,11.27459,20.2534,2.63477,13.42922,8.745031
74.23911,8.894285,10.63268,20.08928,1.696339,14.07761,9.181735
73.30301,9.748239,9.359233,19.41694,6.914191,13.84365,9.507383
73.19507,11.94502,8.912708,19.93871,8.504492,15.13904,9.806326
74.08272,14.00116,8.312172,19.28446,7.94395,14.40164,10.10197
77.36573,15.24112,8.792108,19.21853,3.265835,14.65163,10.11951
81.61986,15.88057,8.851819,19.82495,1.574675,15.38926,10.28782
88.60914,15.98567,9.240801,19.77506,1.535383,15.16298,10.50684
101.319,14.54913,8.886725,18.61878,0.5075647,14.24387,10.70702
121.9645,13.8763,8.854865,17.61882,1.056309,14.97299,11.20825
154.6297,13.92044,9.952411,16.96926,3.143165,15.03779,12.10145
202.1996,12.78933,9.74651,16.83914,2.661086,12.99665,12.26405
264.5508,11.8716,10.55775,16.10428,3.426695,14.51788,12.47199
343.3005,12.10447,10.62929,15.54663,6.497909,15.95943,12.65888
439.1888,13.09463,10.96405,15.70649,3.85694,17.21091,12.84551
548.9663,14.04162,10.84555,15.40924,1.746377,18.16543,13.14144
661.1062,14.38759,12.01458,14.03716,5.091722,17.83801,13.5413
772.7887,13.52389,12.5845,14.78138,11.85464,16.22824,13.80322
867.2327,12.72347,12.47694,15.85782,19.24732,12.43868,14.53978
939.3295,13.22538,12.3007,17.73005,20.06862,8.779637,15.14965
986.8475,15.48402,11.31222,20.17539,22.8101,7.692686,15.75621
1008.037,17.90727,12.29139,21.88762,27.06231,7.509789,16.53238
1000.143,19.43161,12.14751,23.09596,33.5928,7.584318,17.14571
955.9826,20.95731,13.51243,24.07536,38.84527,9.238409,17.37318
885.5148,22.34459,14.45475,24.63245,42.40569,12.92393,17.46377
801.2466,23.36442,14.41603,24.39616,44.49469,14.73046,17.74932
708.6011,24.59975,14.53539,22.89368,44.67741,17.48911,17.90675
610.7205,24.60626,15.21639,20.99529,41.01627,20.69943,18.33756
512.1285,22.66622,15.70989,21.10019,38.70149,19.46711,18.59461
421.8133,21.93501,15.43057,22.14978,35.57837,18.55117,18.87456
339.2805,22.98795,15.18842,23.39627,26.50374,17.76892,19.44054
269.8218,24.26311,14.85061,24.60969,19.2529,16.55949,20.31978
215.8852,24.50549,14.77903,25.81412,13.363,16.1402,21.26492
175.6349,24.20684,15.40803,26.93854,11.52247,16.383,22.13303
145.0887,23.3067,16.5547,27.73533,10.40377,17.2591,23.09567
121.1256,21.35962,18.10066,28.87528,10.04972,17.6511,23.9781
106.7748,18.88069,19.77604,28.02497,12.54852,18.49118,25.11006
98.27844,17.06044,21.81825,27.8483,17.60981,19.27547,26.38511
93.15611,17.49102,24.27792,28.89357,26.83201,20.14799,27.88012
90.81094,20.534,25.56581,30.58796,32.33074,21.21302,29.76427
89.89439,25.26592,28.07106,32.51352,36.80002,22.91061,30.98549
89.02594,30.16731,29.83724,34.82088,41.05285,27.28485,32.58865
87.55238,34.28239,31.95667,37.5176,54.58865,27.03166,34.8616
86.45519,38.62553,33.81464,38.88884,72.31896,29.09904,37.80544
85.93276,45.01979,35.10592,43.03099,86.15182,31.62175,41.24456
87.36398,53.94875,38.1251,47.90006,106.7813,35.49143,45.27339
92.22986,65.65866,44.52892,55.22241,133.2215,42.43208,50.66521
102.7176,83.95306,55.04397,66.57223,179.0449,55.39104,59.08514
121.6084,109.8756,72.40579,87.21974,234.6124,77.9664,73.31281
151.9217,158.5488,95.76457,122.5105,303.412,112.2692,91.68735
205.0987,222.3049,137.7712,173.7859,388.8222,164.4403,123.9738
275.6914,312.5044,198.8559,243.5669,480.0009,235.0761,176.108
365.8418,420.8172,281.7222,334.8829,578.2034,327.245,250.5104
474.4434,538.8419,385.4736,442.0078,676.528,442.0786,350.5786
595.4292,660.072,504.8197,558.5296,771.6528,570.6251,478.3999
718.5414,774.9218,632.0977,681.3828,849.2603,699.9869,623.7618
833.1205,871.6009,758.6502,798.9257,911.5558,819.1185,766.9245
920.4537,944.7228,872.5663,897.1933,962.5363,917.3049,886.2677
976.2047,989.6417,951.6462,966.4307,986.9429,977.3124,966.7368
997.7704,998.9641,995.2936,999.6939,988.4366,996.4203,997.9003
981.5342,985.1926,997.5571,994.4438,963.5702,968.7912,975.1888
928.7485,952.3768,968.8209,951.6725,920.2028,901.8184,902.9147
850.7159,911.1636,912.0371,880.0746,866.7992,803.5707,794.8807
748.2834,860.2771,834.4937,788.6899,797.6714,685.9108,663.7224
638.3023,798.2798,744.5131,686.4366,722.1306,566.2971,530.6626
529.9749,727.5402,649.466,581.4114,643.3902,457.1794,417.0418
427.2694,650.3591,556.518,481.8033,559.6686,358.6777,325.6519
333.9589,569.4824,470.3008,395.5126,479.7782,280.0094,256.5636
253.5366,491.7352,391.2567,321.3353,402.9622,219.1161,207.4359
186.3521,417.1315,315.0521,261.2888,337.0254,174.7251,173.7032
137.5758,347.0088,251.767,212.6139,280.457,143.7696,150.0971
103.0326,286.1987,199.9402,173.7701,232.5878,120.5857,133.5544
76.97738,237.5223,159.4724,144.3788,196.8651,100.4221,121.4129
60.33044,200.6086,129.3964,122.1979,165.7312,89.99124,111.2358
52.51392,172.3,107.1532,105.3551,140.8491,78.35432,102.0436
47.0175,149.2276,90.41638,93.9536,120.3509,65.66409,94.19695
41.85434,130.0214,77.82647,84.5581,103.3744,55.46465,87.80072
38.13471,114.7084,69.26611,73.26041,93.68555,48.35064,81.68311
34.74193,102.1476,61.70123,64.71278,80.91325,42.59929,76.60434
31.50535,93.0273,55.47447,57.73928,67.04622,36.41774,72.32337
28.78403,85.16054,48.98222,51.31918,54.63872,30.37331,68.14589
26.82005,76.01255,42.25832,45.47376,43.78399,28.61298,64.1322
24.91283,68.87885,36.46158,39.97865,34.11489,20.96247,60.2434
23.60557,63.81687,32.10362,34.52369,27.31657,13.75836,56.48
22.34382,60.26941,28.29156,30.7233,22.10234,10.53796,53.01275
21.42051,56.83002,24.33924,27.6217,18.8682,8.185606,50.15301
20.4198,52.17201,22.37856,26.10027,22.36747,4.298032,47.10545
19.34016,49.64804,19.93879,24.81067,24.98816,0.3863922,44.1921
18.66897,46.46692,17.42056,23.76172,23.74758,0.1159218,41.425
17.80074,41.05037,14.68373,22.51964,22.33269,1.078073,38.91099
15.23452,38.17274,12.35036,21.13475,20.13286,1.516633,36.60715
13.76914,35.67258,10.3094,19.81159,14.81621,3.199614,34.55762
12.8894,33.22751,8.413874,18.0391,10.51689,5.41,32.98595
11.8545,32.32003,6.986208,16.36188,6.775944,6.305604,31.44288
10.43084,31.57696,5.750394,14.31703,2.264836,5.814061,30.39955
9.200068,29.71551,4.862883,12.75736,0,5.359862,29.59536
8.095742,28.18841,3.478568,11.64493,0,5.837836,29.01198
8.001348,26.69014,3.56731,11.17904,1.534909,6.747449,28.26535
8.306184,26.96588,4.394131,11.25047,2.636675,3.496832,27.24467
9.138982,27.17209,4.441659,11.93765,2.81818,2.445433,26.1407
9.734934,27.38763,3.713905,13.53209,3.762424,1.606724,24.89623
9.198899,27.23271,2.94569,14.85193,5.373976,0.6136728,24.00021
9.027421,26.96376,2.430651,16.00403,8.496214,0,22.75468
10.42889,27.97008,2.051058,15.66958,8.047713,0.2556258,21.9292
11.09145,29.0993,1.421975,15.24779,6.020729,1.321941,20.96223
11.27949,27.88907,0.5667049,13.69,4.834562,2.439516,19.94
11.02649,24.44052,0.103342,11.07785,4.479293,1.526832,19.18427
10.3056,21.62011,0.5390342,8.11275,4.799904,1.064172,18.53572
9.266091,18.52099,0.7004232,5.104284,8.978177,1.456769,17.77157
8.761444,18.64622,0.7288717,2.042899,13.09698,0.9980804,17.02327
7.911142,15.37084,0.5861869,0.6683062,17.06941,0.5940757,16.12807
7.580248,12.98735,0,0.1677859,26.12744,1.810063,15.42814
6.597095,10.12849,0,1.298779,31.76436,1.735717,15.01011
5.702734,7.849336,0,2.445174,27.31124,1.351778,14.53535
5.907127,7.000257,0,3.285569,23.49663,3.014382,13.79954
5.533517,6.654423,0,3.989658,19.90489,5.608962,13.55184
4.916112,5.737684,0.1062335,4.349944,16.26252,6.036002,12.98
5.01027,4.982152,1.005387,3.880157,11.63642,4.79189,12.69712
4.909143,5.887444,2.96261,3.561907,6.429206,2.840066,12.1971
4.5258,5.796878,4.507381,2.804984,2.650984,0.7032681,11.61438
4.129954,6.28005,4.823857,1.288442,0.4698901,0,10.89476
3.936236,3.243388,5.895168,0.3033967,0.03737762,0,9.951587
3.425471,1.183544,6.566606,0,1.17119,0.5356291,8.973266
3.586703,0.3565818,7.745099,0.1776656,2.154475,0.2086867,8.499661
3.300761,0.03854011,6.98118,0.3348545,2.582542,0.02962871,7.780209
3.176953,0.5545363,5.024337,0.04325568,10.82694,0.1477704,7.228885
3.233885,2.029527,3.99431,0.2825017,21.11968,0.1892795,7.26662
3.316783,3.748361,2.837505,0.02641276,31.13362,0.02563239,7.541997
3.622519,4.605838,1.309474,0,31.72305,0.1357009,7.732364
4.546432,5.684659,0.3740161,0.02669744,27.81878,0.01055451,7.774682
5.242744,4.428823,0,0.01793816,27.69547,0.702171,7.620714
5.119433,2.196054,0.07414413,0.1322655,27.49131,0.5528262,7.5536
4.773594,0.6877964,1.693356,0.2119484,27.21572,0.1789971,7.081447
4.388742,0.1109806,1.984304,0.2300415,23.8235,0.8722897,6.584527
3.757273,0,1.599169,1.120064,21.60913,1.461085,6.029735
3.153842,0,0.5662723,0.05870025,21.29445,0,5.435544
2.988661,0.01419757,0.1930877,0.1070575,20.90536,0,4.915163
2.707573,0.1799335,0.8808226,1.233037,20.48893,0,4.56072
2.414676,1.160445,1.533188,1.442204,20.03803,0,4.18868
1.991773,1.422422,1.1642,1.519262,14.23561,0.7425312,3.801992
1.598189,1.751359,0.9874212,2.063525,7.970395,0.5185933,3.519022
1.718678,1.805756,0.5578917,2.571625,11.49502,0.290316,3.301698
1.95238,0.7856642,0.08558425,2.612405,10.18911,0.5061919,2.986952
1.602834,0.7748781,1.324909,2.854051,5.473224,0.4568857,2.650378
1.031156,1.267364,1.839472,2.207251,1.986617,2.886816,2.453448
0.5765014,1.251959,1.490624,0.949976,0.06559163,2.698855,2.22618
0.2556724,1.501338,1.283365,0.2085969,0.006339712,2.018686,1.805998
0.03602549,0.2248418,1.742674,0,0,3.100022,1.414657
0.1990845,0,2.281265,0.2662362,0,3.689444,1.014014
0.0789318,0,1.895323,0.4889871,0,3.317673,0.4987974
0.01692017,0.3416243,0.8309767,0,0.6088417,2.936922,0.1076188
0.2637601,0.430394,0.7241631,0,2.06055,2.951557,0
0.2667918,0.1727342,0.1801573,0,6.110614,2.091464,0
0.05052954,0,0,0,11.10336,1.813049,0
0.1651453,0,0.4991552,0,16.05058,0.4120958,0.02875565
0.006162139,0.1248435,1.079041,0,13.73873,1.348553,0.1336003
0,0.699427,1.098465,0,14.20084,1.016942,0.06934108
0,1.675468,0.8423485,0.4717956,17.32507,0.8582056,0.01464251
0.03522412,0.261678,1.183503,1.571945,16.58278,2.291365,0.02127544
0.2269044,0.1820346,0.02229788,1.956801,16.27866,2.305304,0
0.4402821,0.03463707,0.1136644,2.441507,17.03378,0.8325535,0
0.2223283,0.5718855,0.9626576,1.586931,17.12057,0.09742647,0
0.631838,0.6233888,2.373631,0.8253828,17.49026,0.3249193,0
0.8829007,0.2471642,2.099859,0.2381127,19.11723,0.8328303,0.08757047
0.3747546,0,0.7700291,0,19.66698,0.5286586,0.06173284
0.2078569,0,0,0,19.25913,0.213498,0
0.3193164,0.156514,0,0,15.59135,0.4210654,0
0,0.8900952,0,0.1743464,13.12889,0.06500728,0
0,1.85782,0,1.45608,11.59903,0.514641,0
